{"accuracy":{"0":0.3042763174,"1":0.2779605389,"2":0.3865131438,"3":0.3634868562,"4":0.3305920959,"5":0.3552631438,"6":0.4572368562,"7":0.4950657785,"8":0.4753289521,"9":0.5131579041,"10":0.5559210777,"11":0.5707237124,"12":0.625,"13":0.6480262876,"14":0.6414473653,"15":0.6891447306,"16":0.7368420959,"17":0.7417762876,"18":0.7417762876,"19":0.8157894611,"20":0.8092105389,"21":0.8009868264,"22":0.8355262876,"23":0.8503289223,"24":0.84375,"25":0.8865131736,"26":0.875,"27":0.8898026347,"28":0.8947368264,"29":0.8980262876,"30":0.9013158083,"31":0.8996710777,"32":0.9013158083,"33":0.916118443,"34":0.9095394611,"35":0.9111841917,"36":0.9309210777,"37":0.9144737124,"38":0.9325658083,"39":0.9226973653,"40":0.9440789223,"41":0.9424341917,"42":0.9358552694,"43":0.9424341917,"44":0.9325658083,"45":0.9555920959,"46":0.9457237124,"47":0.9407894611,"48":0.9490131736,"49":0.9638158083,"50":0.9375,"51":0.9424341917,"52":0.9523026347,"53":0.9358552694,"54":0.947368443,"55":0.947368443,"56":0.9523026347,"57":0.947368443,"58":0.9572368264,"59":0.9506579041,"60":0.9555920959,"61":0.9572368264,"62":0.9671052694,"63":0.9572368264,"64":0.9572368264,"65":0.96875,"66":0.9539473653,"67":0.9539473653,"68":0.9703947306,"69":0.9555920959,"70":0.9720394611,"71":0.9572368264},"loss":{"0":8.7014320273,"1":7.1990178008,"2":5.1331807689,"3":3.0597319352,"4":3.3908274927,"5":2.4238702686,"6":1.9146277654,"7":1.6863421892,"8":1.3935591986,"9":1.365051922,"10":1.2262525308,"11":1.1683459502,"12":1.0089422308,"13":0.9273631855,"14":0.8993313344,"15":0.7392449003,"16":0.6864148692,"17":0.6924246205,"18":0.6697986722,"19":0.5339242675,"20":0.5441268682,"21":0.5519087048,"22":0.488190127,"23":0.4824522185,"24":0.4087605978,"25":0.3220392732,"26":0.3739029938,"27":0.3324792401,"28":0.3339751912,"29":0.297659063,"30":0.2874535401,"31":0.2403872052,"32":0.3117239036,"33":0.264940734,"34":0.2307822853,"35":0.24372515,"36":0.2248239047,"37":0.2437425287,"38":0.1952961809,"39":0.2139037942,"40":0.1898753094,"41":0.1696576821,"42":0.1930316812,"43":0.1790477947,"44":0.1663944533,"45":0.1398151537,"46":0.1493400516,"47":0.1871126106,"48":0.1465461466,"49":0.1268997302,"50":0.1835535631,"51":0.1476884108,"52":0.1386201468,"53":0.1578688378,"54":0.1461640463,"55":0.1469747267,"56":0.1385085316,"57":0.1372395181,"58":0.1162401312,"59":0.1537537183,"60":0.1039712537,"61":0.1254797197,"62":0.0938949397,"63":0.1245737323,"64":0.1157682479,"65":0.1005952618,"66":0.1122616763,"67":0.1146584604,"68":0.100058736,"69":0.1103910561,"70":0.0934136282,"71":0.1074512154},"val_accuracy":{"0":0.2565789521,"1":0.3618420959,"2":0.3947368562,"3":0.2565789521,"4":0.2565789521,"5":0.6052631736,"6":0.4802631438,"7":0.7171052694,"8":0.4407894611,"9":0.8355262876,"10":0.6315789223,"11":0.677631557,"12":0.822368443,"13":0.8552631736,"14":0.7565789223,"15":0.7631579041,"16":0.8289473653,"17":0.875,"18":0.8421052694,"19":0.8552631736,"20":0.8684210777,"21":0.8815789223,"22":0.8947368264,"23":0.9210526347,"24":0.9210526347,"25":0.8881579041,"26":0.9210526347,"27":0.947368443,"28":0.9342105389,"29":0.927631557,"30":0.9407894611,"31":0.947368443,"32":0.9407894611,"33":0.9407894611,"34":0.9407894611,"35":0.947368443,"36":0.947368443,"37":0.9539473653,"38":0.9539473653,"39":0.9342105389,"40":0.9210526347,"41":0.9342105389,"42":0.9407894611,"43":0.947368443,"44":0.947368443,"45":0.9342105389,"46":0.9407894611,"47":0.9342105389,"48":0.9342105389,"49":0.9342105389,"50":0.9144737124,"51":0.9210526347,"52":0.927631557,"53":0.927631557,"54":0.9078947306,"55":0.927631557,"56":0.927631557,"57":0.9144737124,"58":0.9144737124,"59":0.927631557,"60":0.927631557,"61":0.9144737124,"62":0.9013158083,"63":0.9210526347,"64":0.927631557,"65":0.927631557,"66":0.927631557,"67":0.927631557,"68":0.927631557,"69":0.927631557,"70":0.9144737124,"71":0.9078947306},"val_loss":{"0":6.8213920593,"1":1.2940039635,"2":1.549651742,"3":2.8190383911,"4":2.0785262585,"5":1.0628671646,"6":1.2179338932,"7":0.8986115456,"8":0.9086806774,"9":0.7755785584,"10":0.8072783947,"11":0.7251883149,"12":0.6502386332,"13":0.6219856739,"14":0.5974729657,"15":0.5852586627,"16":0.5653354526,"17":0.5248222351,"18":0.4987847209,"19":0.4891521931,"20":0.4683915079,"21":0.4347645044,"22":0.4026730061,"23":0.3748328686,"24":0.3622400761,"25":0.3571006954,"26":0.3245085776,"27":0.2969852686,"28":0.2844032943,"29":0.2875052094,"30":0.2787954509,"31":0.2524521947,"32":0.2406820059,"33":0.2291177511,"34":0.2192642093,"35":0.2137421519,"36":0.2175124288,"37":0.2247954905,"38":0.221411258,"39":0.2237215042,"40":0.2401894331,"41":0.2184533626,"42":0.2101517767,"43":0.2069512904,"44":0.2088755369,"45":0.2234007865,"46":0.2280212194,"47":0.2345679998,"48":0.2313174009,"49":0.2191813141,"50":0.2261684388,"51":0.2250313461,"52":0.2266412526,"53":0.2442816645,"54":0.2886077464,"55":0.2634432316,"56":0.2623151541,"57":0.2667824626,"58":0.2596763074,"59":0.2340126485,"60":0.227760613,"61":0.2616188228,"62":0.28079319,"63":0.2580129504,"64":0.2525902092,"65":0.2549235821,"66":0.2681235373,"67":0.2698377669,"68":0.24488841,"69":0.2567058504,"70":0.2948410213,"71":0.304928571}}