{"val_loss":{"0":5.6176929474,"1":2.3545804024,"2":2.8040132523,"3":2.3406784534,"4":1.8699381351,"5":1.8645353317,"6":1.489040494,"7":1.2456964254,"8":1.3711192608,"9":1.096498251,"10":1.0304430723,"11":1.0099675655,"12":1.0097948313,"13":0.9245281219,"14":0.8397497535,"15":0.7802039981,"16":0.8310930133,"17":0.7824880481,"18":0.686693728,"19":0.7735940814,"20":0.8001855016,"21":0.7108613253,"22":0.6492934227,"23":0.5966833234,"24":0.6014962196,"25":0.5765069723,"26":0.5134465694,"27":0.5973648429,"28":0.5390739441,"29":0.3945061564,"30":0.4890016615,"31":0.562107265,"32":0.5121718049,"33":0.4575380385,"34":0.4275688827,"35":0.3800038695,"36":0.3671450913,"37":0.4424675405,"38":0.3633127511,"39":0.3035583794,"40":0.3266254961,"41":0.3609001338,"42":0.3036415279,"43":0.2937144637,"44":0.3085677326,"45":0.3434251845,"46":0.3068253398,"47":0.2324494123,"48":0.2620913982,"49":0.3148453236,"50":0.238474071,"51":0.1981794387,"52":0.2797575593,"53":0.3227237463,"54":0.2443194836,"55":0.2334889621,"56":0.2543935478,"57":0.1998622566,"58":0.2130374461,"59":0.2614681721,"60":0.1866202354,"61":0.1546876281,"62":0.1963075846,"63":0.2914116383,"64":0.2086565942,"65":0.1647536755,"66":0.1626832932,"67":0.1827046126,"68":0.2126298696,"69":0.2407861948,"70":0.1701886356,"71":0.1378283799},"val_accuracy":{"0":0.4802631438,"1":0.3881579041,"2":0.4013157785,"3":0.4144736826,"4":0.4210526347,"5":0.4473684132,"6":0.4013157785,"7":0.4144736826,"8":0.5855262876,"9":0.4736842215,"10":0.5,"11":0.5855262876,"12":0.625,"13":0.572368443,"14":0.6513158083,"15":0.697368443,"16":0.552631557,"17":0.6842105389,"18":0.6907894611,"19":0.6513158083,"20":0.6710526347,"21":0.7105262876,"22":0.6842105389,"23":0.7236841917,"24":0.7302631736,"25":0.7302631736,"26":0.75,"27":0.7236841917,"28":0.7368420959,"29":0.8289473653,"30":0.7368420959,"31":0.7236841917,"32":0.7631579041,"33":0.822368443,"34":0.8289473653,"35":0.8421052694,"36":0.8552631736,"37":0.8092105389,"38":0.822368443,"39":0.875,"40":0.875,"41":0.8684210777,"42":0.8947368264,"43":0.8815789223,"44":0.875,"45":0.8684210777,"46":0.8947368264,"47":0.927631557,"48":0.9013158083,"49":0.8815789223,"50":0.9144737124,"51":0.947368443,"52":0.8881579041,"53":0.8815789223,"54":0.927631557,"55":0.927631557,"56":0.9013158083,"57":0.927631557,"58":0.9210526347,"59":0.9078947306,"60":0.947368443,"61":0.9605262876,"62":0.927631557,"63":0.8815789223,"64":0.9210526347,"65":0.9539473653,"66":0.9605262876,"67":0.947368443,"68":0.927631557,"69":0.9078947306,"70":0.9342105389,"71":0.9605262876},"loss":{"0":15.4877276672,"1":6.9003835728,"2":5.0816069402,"3":4.3647473486,"4":3.6080414621,"5":3.3904674555,"6":2.7922769471,"7":2.5737126877,"8":2.0062381343,"9":2.3759199757,"10":1.8206687664,"11":1.7502553526,"12":1.5679564727,"13":1.4166310398,"14":1.507912159,"15":1.2241236662,"16":1.1128352284,"17":1.2280398733,"18":0.9907603107,"19":0.8915158824,"20":0.7398309488,"21":0.7854330916,"22":0.6780483942,"23":0.621918901,"24":0.5865954223,"25":0.55406652,"26":0.559696483,"27":0.504733666,"28":0.5304878542,"29":0.4898291999,"30":0.459447889,"31":0.4109939274,"32":0.4607243805,"33":0.3745038509,"34":0.4151062824,"35":0.3701709776,"36":0.3896415516,"37":0.3073207658,"38":0.3921337136,"39":0.3612562198,"40":0.3018067918,"41":0.3498883247,"42":0.3097391058,"43":0.2910972159,"44":0.2675792316,"45":0.2937840349,"46":0.2553488957,"47":0.2710174777,"48":0.234164158,"49":0.2263755924,"50":0.2321792841,"51":0.2412906117,"52":0.2208479917,"53":0.292493621,"54":0.1981472506,"55":0.2923769386,"56":0.2208382738,"57":0.2247747151,"58":0.2224509442,"59":0.1960240218,"60":0.2026475229,"61":0.214954446,"62":0.2075643759,"63":0.2333516322,"64":0.1818890215,"65":0.1896721454,"66":0.1976019505,"67":0.1672750696,"68":0.1659952167,"69":0.1831086309,"70":0.1867847003,"71":0.1556837367},"accuracy":{"0":0.3256579041,"1":0.3042763174,"2":0.3601973653,"3":0.3536184132,"4":0.3256579041,"5":0.3569079041,"6":0.3930920959,"7":0.4144736826,"8":0.4588815868,"9":0.4128289521,"10":0.4884868562,"11":0.4720394611,"12":0.5328947306,"13":0.521381557,"14":0.5509868264,"15":0.6085526347,"16":0.6381579041,"17":0.5805920959,"18":0.6447368264,"19":0.7220394611,"20":0.7434210777,"21":0.7434210777,"22":0.7845394611,"23":0.8108552694,"24":0.8190789223,"25":0.8371710777,"26":0.8305920959,"27":0.8322368264,"28":0.8421052694,"29":0.865131557,"30":0.8519737124,"31":0.8799341917,"32":0.8832237124,"33":0.8914473653,"34":0.8898026347,"35":0.8996710777,"36":0.8832237124,"37":0.916118443,"38":0.8914473653,"39":0.8914473653,"40":0.9111841917,"41":0.8980262876,"42":0.9194079041,"43":0.9078947306,"44":0.9029605389,"45":0.9144737124,"46":0.9194079041,"47":0.9046052694,"48":0.9292762876,"49":0.9309210777,"50":0.9128289223,"51":0.9128289223,"52":0.9243420959,"53":0.9111841917,"54":0.9407894611,"55":0.9128289223,"56":0.9325658083,"57":0.927631557,"58":0.9243420959,"59":0.9407894611,"60":0.9407894611,"61":0.9259868264,"62":0.9292762876,"63":0.927631557,"64":0.9407894611,"65":0.9325658083,"66":0.9375,"67":0.9407894611,"68":0.9309210777,"69":0.9375,"70":0.9259868264,"71":0.9342105389}}