{"val_loss":{"0":5.1059217453,"1":1.5097455978,"2":2.2801034451,"3":1.8907077312,"4":1.3856260777,"5":1.521995306,"6":1.4546380043,"7":1.0975698233,"8":1.1471811533,"9":1.1547305584,"10":0.8859060407,"11":0.8291724324,"12":1.0392644405,"13":0.9206423759,"14":0.7048466802,"15":0.7088596821,"16":0.7849948406,"17":0.6577314138,"18":0.5424761176,"19":0.5507168174,"20":0.6419698,"21":0.5495656729,"22":0.4751549363,"23":0.4987073243,"24":0.488250494,"25":0.4939836562,"26":0.4642355144,"27":0.4258839488,"28":0.4633826613,"29":0.5432690978,"30":0.4498902261,"31":0.3704277873,"32":0.4069308341,"33":0.4624788463,"34":0.4095701575,"35":0.4099212289,"36":0.3841161728,"37":0.3856985569,"38":0.3559918702,"39":0.3034901023,"40":0.3217525482,"41":0.3542048037,"42":0.3124769032,"43":0.2747102082,"44":0.2845546603,"45":0.2507520616,"46":0.2318494171,"47":0.2713012099,"48":0.3369767964,"49":0.2690300047,"50":0.2077982873,"51":0.2087706178,"52":0.2479812205,"53":0.3310517669,"54":0.2095078677,"55":0.1555089206,"56":0.2101009786,"57":0.2733541429,"58":0.2012573481,"59":0.1776057482,"60":0.2206455469,"61":0.2616660893,"62":0.1774656475,"63":0.1397712678,"64":0.1725721657,"65":0.2674017847,"66":0.1843955368,"67":0.1277439296,"68":0.147876963,"69":0.2183967084,"70":0.1826549917,"71":0.1470711529},"val_accuracy":{"0":0.2631579041,"1":0.5065789223,"2":0.5,"3":0.2631579041,"4":0.4407894611,"5":0.625,"6":0.6052631736,"7":0.6052631736,"8":0.552631557,"9":0.5921052694,"10":0.697368443,"11":0.6513158083,"12":0.5394737124,"13":0.6118420959,"14":0.6907894611,"15":0.677631557,"16":0.6578947306,"17":0.6907894611,"18":0.7434210777,"19":0.7828947306,"20":0.7565789223,"21":0.7960526347,"22":0.8092105389,"23":0.7763158083,"24":0.7828947306,"25":0.7894737124,"26":0.7960526347,"27":0.8157894611,"28":0.7894737124,"29":0.75,"30":0.7894737124,"31":0.8289473653,"32":0.8157894611,"33":0.7960526347,"34":0.802631557,"35":0.8092105389,"36":0.8355262876,"37":0.8289473653,"38":0.8421052694,"39":0.8684210777,"40":0.8552631736,"41":0.8421052694,"42":0.8684210777,"43":0.8947368264,"44":0.875,"45":0.9144737124,"46":0.9144737124,"47":0.8815789223,"48":0.8552631736,"49":0.8815789223,"50":0.9539473653,"51":0.9342105389,"52":0.9013158083,"53":0.8421052694,"54":0.9342105389,"55":0.9671052694,"56":0.9078947306,"57":0.875,"58":0.9210526347,"59":0.947368443,"60":0.9210526347,"61":0.875,"62":0.9342105389,"63":0.9539473653,"64":0.9407894611,"65":0.8684210777,"66":0.9342105389,"67":0.9671052694,"68":0.947368443,"69":0.9078947306,"70":0.947368443,"71":0.9539473653},"loss":{"0":11.4994921935,"1":6.1779845388,"2":4.7251188128,"3":3.4104973768,"4":3.0477263927,"5":2.2745572266,"6":2.6547885318,"7":1.9310695121,"8":2.0080559128,"9":1.6067791487,"10":1.5380162377,"11":1.3241405487,"12":1.3004688025,"13":1.199490748,"14":1.0328168995,"15":0.8539838383,"16":0.8755763236,"17":0.778018026,"18":0.7336759348,"19":0.7202723026,"20":0.6478141233,"21":0.5572408657,"22":0.5286138575,"23":0.4566019146,"24":0.4876548507,"25":0.4846401764,"26":0.417864387,"27":0.3943543716,"28":0.3862362426,"29":0.3462053773,"30":0.3072315031,"31":0.3303905678,"32":0.3844296713,"33":0.2881149885,"34":0.326540823,"35":0.303127659,"36":0.2848973874,"37":0.2778037394,"38":0.2735836945,"39":0.2928063815,"40":0.2623220415,"41":0.2518816128,"42":0.2485818047,"43":0.2190125051,"44":0.2233235836,"45":0.2674000906,"46":0.1890259213,"47":0.2378105741,"48":0.2428573605,"49":0.2293883742,"50":0.2156269927,"51":0.2219077929,"52":0.2215395946,"53":0.192970808,"54":0.2096987531,"55":0.1819479905,"56":0.1796451995,"57":0.2070433246,"58":0.1921456542,"59":0.1943271435,"60":0.1460170801,"61":0.1981663759,"62":0.1534772978,"63":0.1536521794,"64":0.1422196015,"65":0.1517833511,"66":0.1789760872,"67":0.133764165,"68":0.1476339255,"69":0.1626017423,"70":0.138047005,"71":0.1510673706},"accuracy":{"0":0.3717105389,"1":0.2779605389,"2":0.3914473653,"3":0.3881579041,"4":0.3470394611,"5":0.4029605389,"6":0.4029605389,"7":0.4671052694,"8":0.4243420959,"9":0.4588815868,"10":0.4753289521,"11":0.5542762876,"12":0.5575658083,"13":0.5230262876,"14":0.6529605389,"15":0.697368443,"16":0.7171052694,"17":0.7319079041,"18":0.7483552694,"19":0.771381557,"20":0.8009868264,"21":0.8042762876,"22":0.8157894611,"23":0.8667762876,"24":0.8486841917,"25":0.8700658083,"26":0.8684210777,"27":0.884868443,"28":0.8996710777,"29":0.8914473653,"30":0.8947368264,"31":0.8898026347,"32":0.8799341917,"33":0.9078947306,"34":0.8865131736,"35":0.9046052694,"36":0.9111841917,"37":0.8996710777,"38":0.9095394611,"39":0.9029605389,"40":0.9210526347,"41":0.9194079041,"42":0.916118443,"43":0.9259868264,"44":0.9342105389,"45":0.916118443,"46":0.9325658083,"47":0.927631557,"48":0.9243420959,"49":0.9292762876,"50":0.9292762876,"51":0.9375,"52":0.9309210777,"53":0.9243420959,"54":0.9292762876,"55":0.9309210777,"56":0.9342105389,"57":0.927631557,"58":0.9342105389,"59":0.9440789223,"60":0.9424341917,"61":0.9457237124,"62":0.9457237124,"63":0.9490131736,"64":0.9490131736,"65":0.9457237124,"66":0.9358552694,"67":0.9523026347,"68":0.9358552694,"69":0.947368443,"70":0.9506579041,"71":0.9572368264}}